content_type,title,release_year,genres,imdb_rating,runtime,age_rating,production_country,streaming_service,url
movie,Dhurandhar(2025),,Not Available,,Not Available,Not Available,Not Available,"120 Bahadur, 28 Years Later: The Bone Temple, 365 dni, 4K Fireplace, 7:11 PM, 83",https://www.justwatch.com/in/movie/dhurandhar-2025
movie,The Housemaid(2025),,Not Available,,Not Available,Not Available,Not Available,"""Wuthering Heights"", 28 Years Later: The Bone Temple, A Simple Favor, Alaina Surgener, Alexandra Seal, Amanda Joy Erickson",https://www.justwatch.com/in/movie/the-housemaid-0
movie,"Madrid, 1987(2012)",,Not Available,,Not Available,Not Available,Not Available,"13 Exorcisms, 28 Years Later: The Bone Temple, Alberto Ferreiro, American Kamasutra, Apple TV, Avatar: Fire and Ash",https://www.justwatch.com/in/movie/madrid-1987
movie,Children of the Salt(2017),,Not Available,,Not Available,Not Available,Not Available,"28 Years Later: The Bone Temple, Aníbal Grunn, Apple TV, Appuvinte Sathyanweshanam, Aris Belén Mena, Avatar: Fire and Ash",https://www.justwatch.com/in/movie/children-of-the-salt
movie,The RajaSaab(2026),,Not Available,,Not Available,Not Available,Not Available,"28 Years Later: The Bone Temple, 7:11 PM, A Lot Like Love, Action Jackson, Adavi Ramudu, Akhanda 2: Thaandavam",https://www.justwatch.com/in/movie/the-raja-saab
movie,Bugso(2022),,Not Available,,Not Available,Not Available,Not Available,"28 Years Later: The Bone Temple, A Good Lawyer's Wife, Adrian Cabido, All That Heaven Allows, Allan Paule, American Kamasutra",https://www.justwatch.com/in/movie/bugso
movie,Sex Weather(2018),,Not Available,,Not Available,Not Available,Not Available,"12 Steps to Recovery, 28 Years Later: The Bone Temple, Akasha Veedullo, Al'Jaleel McGhee, Alan Burrell, Amber Stonebraker",https://www.justwatch.com/in/movie/sex-weather
movie,Border 2(2026),,Not Available,,Not Available,Not Available,Not Available,"120 Bahadur, 23rd March 1931: Shaheed, 28 Years Later: The Bone Temple, 72 Hours: Martyr Who Never Died, Aar Ya Paar, Ahan Shetty",https://www.justwatch.com/in/movie/border-2
movie,Mana ShankaraVaraPrasad Garu(2026),,Not Available,,Not Available,Not Available,Not Available,"28 Years Later: The Bone Temple, 47 Natkal, 7:11 PM, A Samurai in Time, Aata Sandeep, Abhinav Gomatam",https://www.justwatch.com/in/movie/mana-shankaravaraprasad-garu-2026
movie,Tere Ishk Mein(2025),,Not Available,,Not Available,Not Available,Not Available,"120 Bahadur, 28 Years Later: The Bone Temple, 7:11 PM, 8 A.M. Metro, Aankh Micholi, Anjaniputra",https://www.justwatch.com/in/movie/tere-ishk-mein
movie,María Montez: The Movie(2014),,Not Available,,Not Available,Not Available,Not Available,"28 Years Later: The Bone Temple, Alexander, American Animals, Anthony, Apple TV, Avatar: Fire and Ash",https://www.justwatch.com/in/movie/maria-montez-the-movie
movie,Come Undone(2010),,Not Available,,Not Available,Not Available,Not Available,"28 Years Later: The Bone Temple, 4-4-2 - Il gioco più bello del mondo, A Brighter Tomorrow, Adriana De Guilmi, Alba Rohrwacher, An Italian Romance",https://www.justwatch.com/in/movie/come-undone
movie,Crush(2009),,Not Available,,Not Available,Not Available,Not Available,"28 Years Later: The Bone Temple, American Kamasutra, Apple TV, Avatar: Fire and Ash, Avengers: Doomsday, Avengers: Secret Wars",https://www.justwatch.com/in/movie/crush-2009
movie,Sarvam Maya(2025),,Not Available,,Not Available,Not Available,Not Available,"1983, 28 Years Later: The Bone Temple, 7:11 PM, ABCs of Death 2, Aan Paavam Pollathathu, Aapp Kaise Ho",https://www.justwatch.com/in/movie/sarvam-maya
movie,Homesick(2015),,Not Available,,Not Available,Not Available,Not Available,"28 Years Later: The Bone Temple, American Kamasutra, Anna Dworak, Anneke von der Lippe, Anthony, Apple TV",https://www.justwatch.com/in/movie/homesick-2015
movie,Demon Slayer: Kimetsu no Yaiba Infinity Castle(2025),,Not Available,,Not Available,Not Available,Not Available,"28 Years Later: The Bone Temple, A Whisker Away, Akari Kito, Akira Ishida, All You Need Is Kill, Angel of Evil",https://www.justwatch.com/in/movie/demon-slayer-kimetsu-no-yaiba-infinity-castle
movie,365 dni(2020),,Not Available,,Not Available,Not Available,Not Available,"28 Years Later: The Bone Temple, 365 Days: This Day, 365 dni, After We Collided, Agnieszka Warchulska, Aitraaz",https://www.justwatch.com/in/movie/365-days
movie,One Battle After Another(2025),,Not Available,,Not Available,Not Available,Not Available,"28 Years Later: The Bone Temple, Alana Haim, Anima, Animal Farm, Apple TV, Apple TV Store",https://www.justwatch.com/in/movie/the-battle-of-baktan-cross
movie,Ikkis(2026),,Not Available,,Not Available,Not Available,Not Available,"120 Bahadur, 28 Years Later: The Bone Temple, A Christmas Truce, Abhijeet Singh, Abhishek Duhan, Agastya Nanda",https://www.justwatch.com/in/movie/ekkis
movie,Singles(2022),,Not Available,,Not Available,Not Available,Not Available,"28 Years Later: The Bone Temple, 53 Sundays, A Virgin In Hollywood, Andakagasam, Apple TV, Avatar: Fire and Ash",https://www.justwatch.com/in/movie/singles-2022
movie,Chantal(2007),,Not Available,,Not Available,Not Available,Not Available,"28 Years Later: The Bone Temple, Aaron, All My Puny Sorrows, Andrea Davis, Anone, Apple TV",https://www.justwatch.com/in/movie/chantal
movie,Dos Otoños en Paris(2020),,Not Available,,Not Available,Not Available,Not Available,"28 Years Later: The Bone Temple, A Woman Scorned, Alberto Rowinsky, American Crime, Ana's Desire, Anibal Cova",https://www.justwatch.com/in/movie/two-autumns-in-paris
movie,O' Romeo(2026),,Not Available,,Not Available,Not Available,Not Available,"120 Bahadur, 28 Years Later: The Bone Temple, 7 Khoon Maaf, Akshardham: Operation Vajra Shakti, Alag, Anaganaga Oka Raju",https://www.justwatch.com/in/movie/arjun-ustara
movie,Swingers(2002),,Not Available,,Not Available,Not Available,Not Available,"#Single, 28 Years Later: The Bone Temple, American Kamasutra, Anthony, Apple TV, Avatar: Fire and Ash",https://www.justwatch.com/in/movie/swingers-2003
movie,Saiyaara(2025),,Not Available,,Not Available,Not Available,Not Available,"28 Years Later: The Bone Temple, 7:11 PM, A Love Story, Aashiqui 2, Accused, Ahaan Panday",https://www.justwatch.com/in/movie/saiyaara
movie,Sirai(2025),,Not Available,,Not Available,Not Available,Not Available,"28 Years Later: The Bone Temple, 7:11 PM, A.V. Anoop, Amanuda, Anishma Anilkumar, Apple TV",https://www.justwatch.com/in/movie/sirai
movie,The Maid(2014),,Not Available,,Not Available,Not Available,Not Available,"28 Years Later: The Bone Temple, After Ever Happy, Apple TV, Avatar: Fire and Ash, Avengers: Doomsday, Avengers: Secret Wars",https://www.justwatch.com/in/movie/the-maid
movie,The Bluff(2026),,Not Available,,Not Available,Not Available,Not Available,"28 Years Later: The Bone Temple, 36 China Town, Afterburn, Agneepath, Aitraaz, Amazon Prime Video",https://www.justwatch.com/in/movie/the-bluff
movie,American Kamasutra(2018),,Not Available,,Not Available,Not Available,Not Available,"28 Years Later: The Bone Temple, A Jazzman's Blues, Alec Knight, All the Pretty Horses, American Kamasutra, Anastasia Zorin-Machado",https://www.justwatch.com/in/movie/american-kamasutra
movie,What Other Couples Do(2013),,Not Available,,Not Available,Not Available,Not Available,"28 Years Later: The Bone Temple, 30 Nights with My (Ex) Husband, Anthony, Apple TV, Avatar: Fire and Ash, Avengers: Doomsday",https://www.justwatch.com/in/movie/what-other-couples-do
movie,Tu Meri Main Tera Main Tera Tu Meri(2025),,Not Available,,Not Available,Not Available,Not Available,"28 Years Later: The Bone Temple, Afnan Fazli, Alludu Adhurs, Amazon Prime Video, Amazon Prime Video with Ads, Amazon Video",https://www.justwatch.com/in/movie/tu-meri-main-tera-main-tera-tu-meri-2025
movie,Mon Potongo(2024),,Not Available,,Not Available,Not Available,Not Available,"1122 Ii Fuufu, 12 Steps to Recovery, 1888, 28 Years Later: The Bone Temple, Aag, Am Ah",https://www.justwatch.com/in/movie/mon-potongo
movie,Lotgenoten(2013),,Not Available,,Not Available,Not Available,Not Available,"21 Paraíso, 28 Years Later: The Bone Temple, Alfred Heppener, Anthony, Apple TV, Avatar: Fire and Ash",https://www.justwatch.com/in/movie/lotgenoten
movie,Predator: Badlands(2025),,Not Available,,Not Available,Not Available,Not Available,"10 Cloverfield Lane, 20th Century Women, 28 Years Later, Alison Wright, All the Bright Places, Amazon Video",https://www.justwatch.com/in/movie/predator-badlands
movie,Marty Supreme(2025),,Not Available,,Not Available,Not Available,Not Available,"""Wuthering Heights"", 28 Years Later: The Bone Temple, A Man Named Scott, Abel Ferrara, Adam Sandler: Love You, Amiche mai",https://www.justwatch.com/in/movie/marty-supreme
movie,Kis Kisko Pyaar Karoon 2(2025),,Not Available,,Not Available,Not Available,Not Available,"28 Years Later: The Bone Temple, ABCD 2, Akhilendra Mishra, Alludu Seenu, Anil Charanjeett, Apple TV",https://www.justwatch.com/in/movie/kis-kisko-pyaar-karoon-2
movie,Sapio(2023),,Not Available,,Not Available,Not Available,Not Available,"28 Years Later: The Bone Temple, A Perfect Murder, After Fall, Winter, After the Outbreak, Aksar 2, All God's Creatures",https://www.justwatch.com/in/movie/sapio
movie,Anaganaga Oka Raju(2026),,Not Available,,Not Available,Not Available,Not Available,"#WorstChristmasEver, 1: Nenokkadine, 28 Years Later: The Bone Temple, 7:11 PM, Agent Sai Srinivasa Athreya, Akhanda 2: Thaandavam",https://www.justwatch.com/in/movie/anaganaga-oka-raju
movie,Anaconda(2025),,Not Available,,Not Available,Not Available,Not Available,"28 Years Later: The Bone Temple, 53 Sundays, Amazon Video, Anaconda, Andakagasam, Apple TV",https://www.justwatch.com/in/movie/the-anaconda
movie,Naari Naari Naduma Murari(2026),,Not Available,,Not Available,Not Available,Not Available,"#WorstChristmasEver, 28 Years Later: The Bone Temple, 4 The People, 7:11 PM, Amazon Prime Video, Anaganaga Oka Raju",https://www.justwatch.com/in/movie/nari-nari-naduma-murari-2026
movie,Mardaani 3(2026),,Not Available,,Not Available,Not Available,Not Available,"28 Years Later: The Bone Temple, 7:11 PM, Aeklavya Tomer, Alpha, Apple TV, Avatar: Fire and Ash",https://www.justwatch.com/in/movie/mardaani-3
movie,Ne Zha(2019),,Not Available,,Not Available,Not Available,Not Available,"28 Years Later: The Bone Temple, 8 A.M. Metro, Amazon Prime Video, Animal Farm, Apple TV, Avatar: Fire and Ash",https://www.justwatch.com/in/movie/ne-zha
movie,Zootopia 2(2025),,Not Available,,Not Available,Not Available,Not Available,"28 Years Later: The Bone Temple, 4K Fireplace, A Single Man, All Dogs Go to Heaven, Anaconda, Andy Samberg",https://www.justwatch.com/in/movie/zootopia-2
movie,Taya(2021),,Not Available,,Not Available,Not Available,Not Available,"28 Years Later: The Bone Temple, A Good Lawyer's Wife, AJ Raval, Alener Ferrer, American Kamasutra, Angeli Khang",https://www.justwatch.com/in/movie/taya-2021
movie,F1(2025),,Not Available,,Not Available,Not Available,Not Available,"28 Years Later: The Bone Temple, Abdul Salis, Ad Astra, Anthony, Apple TV, Apple TV Amazon Channel",https://www.justwatch.com/in/movie/f1
movie,Ek Deewane Ki Deewaniyat(2025),,Not Available,,Not Available,Not Available,Not Available,"120 Bahadur, 1971: Beyond Borders, 28 Years Later: The Bone Temple, 7:11 PM, Anaamika, Ananth Narayan Mahadevan",https://www.justwatch.com/in/movie/ek-deewane-ki-deewaniyat
movie,Hamnet(2025),,Not Available,,Not Available,Not Available,Not Available,"""Wuthering Heights"", 28 Years Later: The Bone Temple, A Christmas Carol, Animal Farm, Anthony, Apple TV",https://www.justwatch.com/in/movie/hamnet
movie,Nay Varan Bhat Loncha Kon Nai Koncha(2022),,Not Available,,Not Available,Not Available,Not Available,"10 Rillington Place, 28 Years Later: The Bone Temple, Aankhen, Aatmapamphlet, Aattam, Anthony",https://www.justwatch.com/in/movie/nay-varan-bhat-loncha-kon-nai-koncha
movie,Avatar: Fire and Ash(2025),,Not Available,,Not Available,Not Available,Not Available,"28 Years Later: The Bone Temple, 4K Fireplace, Anaconda, Andor, Animal Farm, Apple TV",https://www.justwatch.com/in/movie/avatar-3
movie,Salamat daks(2023),,Not Available,,Not Available,Not Available,Not Available,"28 Years Later: The Bone Temple, 53 Sundays, 7 donne e un mistero, Alma Moreno, American Kamasutra, Andakagasam",https://www.justwatch.com/in/movie/salamat-daks
movie,The Kamasutra Garden(2020),,Not Available,,Not Available,Not Available,Not Available,"12 Steps to Recovery, 28 Years Later: The Bone Temple, A.V. Anoop, Alexander G Carpenter, Alexandra Morgan, American Kamasutra",https://www.justwatch.com/in/movie/the-kamasutra-garden
movie,Sinners(2025),,Not Available,,Not Available,Not Available,Not Available,"28 Years Later, 28 Years Later: The Bone Temple, A Journal for Jordan, Abandoned Dead, Amazon Video, An Affair to Die For",https://www.justwatch.com/in/movie/sinners-2025
movie,Rental Family(2025),,Not Available,,Not Available,Not Available,Not Available,"28 Years Later: The Bone Temple, 37 Seconds, 8 Women, A Case of You, A Christmas Carol, Akira Emoto",https://www.justwatch.com/in/movie/rental-family
movie,Mourning Wife(2001),,Not Available,,Not Available,Not Available,Not Available,"28 Years Later: The Bone Temple, A Lonely Cow Weeps at Dawn, American Kamasutra, American Skin, Anthony, Apple TV",https://www.justwatch.com/in/movie/mourning-wife
movie,Ne Zha 2(2025),,Not Available,,Not Available,Not Available,Not Available,"28 Years Later, 28 Years Later: The Bone Temple, Animal Farm, Apple TV, Apple TV Store, Arcane: League of Legends",https://www.justwatch.com/in/movie/ne-zha-2
movie,Thalaivar Thambi Thalaimaiyil(2026),,Not Available,,Not Available,Not Available,Not Available,"28 Years Later: The Bone Temple, 365 Days: This Day, 4K Fireplace, 53 Sundays, Adrishya, Aflatoon",https://www.justwatch.com/in/movie/thalaivar-thambi-thalaimaiyil
movie,Bone Lake(2025),,Not Available,,Not Available,Not Available,Not Available,"28 Years Later: The Bone Temple, After the Hunt, Alex Roe, Amazon Prime Video, Amazon Prime Video with Ads, Andra Nechita",https://www.justwatch.com/in/movie/bone-lake
movie,My Body Is Not Obscene(2021),,Not Available,,Not Available,Not Available,Not Available,"28 Years Later: The Bone Temple, American Kamasutra, Apple TV, Autumn Gonzalez, Avatar: Fire and Ash, Avengers: Doomsday",https://www.justwatch.com/in/movie/my-body-is-not-obscene
movie,Bugonia(2025),,Not Available,,Not Available,Not Available,Not Available,"28 Years Later: The Bone Temple, Aiecia Harper, Alicia Silverstone, Alps, Amazon Video, Apple TV",https://www.justwatch.com/in/movie/bugonia
movie,Chatha Pacha(2026),,Not Available,,Not Available,Not Available,Not Available,"1918, 28 Years Later: The Bone Temple, 53 Sundays, A Father's Miracle, Abhilasham, Anaconda",https://www.justwatch.com/in/movie/chatha-pacha-the-ring-of-rowdies
movie,Girl Play(2004),,Not Available,,Not Available,Not Available,Not Available,"28 Years Later: The Bone Temple, 53 Sundays, American Kamasutra, Andakagasam, Apple TV, Avatar: Fire and Ash",https://www.justwatch.com/in/movie/girl-play
movie,Wet Woman in the Wind(2016),,Not Available,,Not Available,Not Available,Not Available,"13 Assassins, 28 Years Later: The Bone Temple, All About Lily Chou-Chou, Anthony, Antiporno, Apple TV",https://www.justwatch.com/in/movie/wet-woman-in-the-wind
movie,The Conjuring: Last Rites(2025),,Not Available,,Not Available,Not Available,Not Available,"28 Years Later: The Bone Temple, Amazon Video, Andakagasam, Annabelle, Annabelle Comes Home, Apple TV",https://www.justwatch.com/in/movie/the-conjuring-last-rites
movie,Lie with Me(2005),,Not Available,,Not Available,Not Available,Not Available,"28 Years Later: The Bone Temple, American Kamasutra, Anthony, Apple TV, Art School Confidential, Avatar: Fire and Ash",https://www.justwatch.com/in/movie/lie-with-me
movie,Assi(2026),,Not Available,,Not Available,Not Available,Not Available,"28 Years Later: The Bone Temple, 7:11 PM, Abhishant Rana, Akanksha Chowdhury, Anek, Apple TV",https://www.justwatch.com/in/movie/assi-2026
movie,The Wolf of Wall Street(2013),,Not Available,,Not Available,Not Available,Not Available,"28 Years Later: The Bone Temple, A Christmas Carol, After Hours, Air, Alpha Dog, Amazon Video",https://www.justwatch.com/in/movie/the-wolf-of-wall-street
movie,Weapons(2025),,Not Available,,Not Available,Not Available,Not Available,"28 Years Later, 28 Years Later: The Bone Temple, A Farewell to Ozark, A House of Dynamite, Alden Ehrenreich, Ali Burch",https://www.justwatch.com/in/movie/weapons-2025
movie,Nuremberg(2025),,Not Available,,Not Available,Not Available,Not Available,"28 Years Later: The Bone Temple, A Good Year, A War Over Reality, Amazon Prime Video, Amazon Prime Video with Ads, Amazon Video",https://www.justwatch.com/in/movie/nuremberg
movie,I Remember You(2015),,Not Available,,Not Available,Not Available,Not Available,"28 Years Later: The Bone Temple, Apple TV, Avatar: Fire and Ash, Avengers: Doomsday, Avengers: Secret Wars, Awarapan 2",https://www.justwatch.com/in/movie/i-remember-you
movie,Pabuya(2023),,Not Available,,Not Available,Not Available,Not Available,"28 Years Later: The Bone Temple, A Dark Truth, Aakhree Raasta, Aivy Rodriguez, American Kamasutra, Andrea Garcia",https://www.justwatch.com/in/movie/pabuya
movie,The Wrecking Crew(2026),,Not Available,,Not Available,Not Available,Not Available,"2012, 2048: Nowhere to Run, 28 Years Later: The Bone Temple, Amazon Prime Video, Amazon Prime Video with Ads, Anaconda",https://www.justwatch.com/in/movie/the-wrecking-crew-2026
movie,Hotspot 2 Much(2026),,Not Available,,Not Available,Not Available,Not Available,"12 Angry Men, 28 Years Later: The Bone Temple, 7:11 PM, Aditya Baskar, Adiyae!, Aflatoon",https://www.justwatch.com/in/movie/hotspot-2-much-2026
movie,Kantara - A Legend: Chapter 1(2025),,Not Available,,Not Available,Not Available,Not Available,"120 Bahadur, 28 Years Later: The Bone Temple, 376 D, 7:11 PM, Achyuth Kumar, Amazon Prime Video",https://www.justwatch.com/in/movie/kantara-chapter-1
movie,"""Wuthering Heights""(2026)",,Not Available,,Not Available,Not Available,Not Available,"""Wuthering Heights"", 14 Days Love, 28 Years Later: The Bone Temple, About Time, Alison Oliver, Amsterdam",https://www.justwatch.com/in/movie/wuthering-heights-2026
movie,Plank Face(2016),,Not Available,,Not Available,Not Available,Not Available,"#AMFAD All My Friends Are Dead, 12 Steps to Recovery, 28 Years Later: The Bone Temple, Alyss Winkler, Andakagasam, Apple TV",https://www.justwatch.com/in/movie/plank-face
movie,Brothel(2008),,Not Available,,Not Available,Not Available,Not Available,"28 Years Later: The Bone Temple, 6 Models in Hell, Andrea Morris, Apple TV, Avatar: Fire and Ash, Avengers: Doomsday",https://www.justwatch.com/in/movie/brothel
movie,Eko(2025),,Not Available,,Not Available,Not Available,Not Available,"28 Years Later: The Bone Temple, Alappuzha Gymkhana, Anand Sreebala, Annihilation, Anthony, Apple TV",https://www.justwatch.com/in/movie/eko
movie,28 Years Later: The Bone Temple(2026),,Not Available,,Not Available,Not Available,Not Available,"28 Days Later, 28 Weeks Later, 28 Years Later, 28 Years Later: The Bone Temple, Alfie Williams, Amazon Video",https://www.justwatch.com/in/movie/28-years-later-the-bone-temple
movie,Women in the Dark(2019),,Not Available,,Not Available,Not Available,Not Available,"28 Years Later: The Bone Temple, Ali Skye Bennet, Anne Sofie Espersen, Anthony, Apple TV, Ashcon Hamedi Nejad",https://www.justwatch.com/in/movie/women-in-the-dark
movie,The Kerala Story(2023),,Not Available,,Not Available,Not Available,Not Available,"#Home, 1920, 28 Years Later: The Bone Temple, 365 dni, A Throw of Dice, Adah Sharma",https://www.justwatch.com/in/movie/the-kerala-story
movie,Kalamkaval(2025),,Not Available,,Not Available,Not Available,Not Available,"28 Years Later: The Bone Temple, 7:11 PM, Accident or Conspiracy: Godhra, Aliya Basu Gayab Hai, Amanuda, Anvatt",https://www.justwatch.com/in/movie/kalamkaval
movie,Body of Night(2020),,Not Available,,Not Available,Not Available,Not Available,"10 Cloverfield Lane, 28 Years Later: The Bone Temple, All About Araya, Amanda Van Annan, American Mobster: Retribution, American Nudist",https://www.justwatch.com/in/movie/body-of-night
movie,Parasakthi(2026),,Not Available,,Not Available,Not Available,Not Available,"28 Years Later: The Bone Temple, 7:11 PM, Adanga Maru, Anthony, Apple TV, Archana Padmini",https://www.justwatch.com/in/movie/parasakthi-2026
movie,Haq(2025),,Not Available,,Not Available,Not Available,Not Available,"120 Bahadur, 28 Years Later: The Bone Temple, 4K Fireplace, 7 Prisoners, A Thursday, Aatma",https://www.justwatch.com/in/movie/haq-2025
movie,Now & Later(2009),,Not Available,,Not Available,Not Available,Not Available,"28 Years Later: The Bone Temple, 9-1-1, A Separation, Adrian Quiñonez, Aleksandr's Price, Anthony",https://www.justwatch.com/in/movie/now-and-later
movie,Sentimental Value(2025),,Not Available,,Not Available,Not Available,Not Available,"28 Years Later: The Bone Temple, A Christmas Carol, A Different Man, Amalie Ibsen Jensen, Anders Danielsen Lie, Andreas Stoltenberg Granerud",https://www.justwatch.com/in/movie/sentimental-value
movie,K.G.F: Chapter 2(2022),,Not Available,,Not Available,Not Available,Not Available,"28 Years Later: The Bone Temple, 777 Charlie, 7:11 PM, A Throw of Dice, Achyuth Kumar, Ahimsa",https://www.justwatch.com/in/movie/k-g-f-chapter-2
movie,Now You See Me: Now You Don't(2025),,Not Available,,Not Available,Not Available,Not Available,"28 Years Later: The Bone Temple, 30 Minutes or Less, 706, A Big Bold Beautiful Journey, A Man Called Ove, Abnormality",https://www.justwatch.com/in/movie/now-you-see-me-3
movie,Bhartha Mahasayulaku Wignyapathi(2026),,Not Available,,Not Available,Not Available,Not Available,"28 Years Later: The Bone Temple, 53 Sundays, 7:11 PM, Aadavaallu Meeku Johaarlu, Adai Mazhai Kaalam, Ajay Ghosh",https://www.justwatch.com/in/movie/untitled-ravi-teja-slv-cinemas-project
movie,Crime 101(2026),,Not Available,,Not Available,Not Available,Not Available,"""Wuthering Heights"", 12 Strong, 28 Years Later: The Bone Temple, A Perfect Getaway, A Simple Plan, American Animals",https://www.justwatch.com/in/movie/crime-101
movie,Redux Redux(2026),,Not Available,,Not Available,Not Available,Not Available,"13 Cameras, 28 Years Later: The Bone Temple, 35-Chinna Katha Kaadu, Alien Invasion, Amazon Prime Video, Amazon Prime Video with Ads",https://www.justwatch.com/in/movie/redux-redux
movie,Tell Me What You Want(2024),,Not Available,,Not Available,Not Available,Not Available,"28 Years Later: The Bone Temple, 365 dni, A Good Lawyer's Wife, Adriana Fornés, After We Collided, Against All Odds",https://www.justwatch.com/in/movie/pideme-lo-que-quieras
movie,De De Pyaar De 2(2025),,Not Available,,Not Available,Not Available,Not Available,"28 Years Later, 28 Years Later: The Bone Temple, 36 Farmhouse, 53 Sundays, Ajay Devgn, Andakagasam",https://www.justwatch.com/in/movie/de-de-pyaar-de-2
movie,Eternity(2025),,Not Available,,Not Available,Not Available,Not Available,"28 Years Later: The Bone Temple, 2gether: The Movie, A Big Bold Beautiful Journey, A Date with Miss Fortune, About Time, After the Hunt",https://www.justwatch.com/in/movie/eternity-0
movie,The Rip(2026),,Not Available,,Not Available,Not Available,Not Available,"28 Years Later, 28 Years Later: The Bone Temple, Alex Hernandez, Andhera, Angel Rosario Jr., Apple TV",https://www.justwatch.com/in/movie/rip-0
movie,Chhaava(2025),,Not Available,,Not Available,Not Available,Not Available,"120 Bahadur, 28 Years Later: The Bone Temple, Akshaye Khanna, Almost Pyaar with DJ Mohabbat, Angelique, Anil George",https://www.justwatch.com/in/movie/chaava
movie,Me Before You(2016),,Not Available,,Not Available,Not Available,Not Available,"28 Years Later: The Bone Temple, About Time, Above Suspicion, Alan Breck, Amazon Prime Video, Amazon Prime Video with Ads",https://www.justwatch.com/in/movie/me-before-you
movie,Laalo: Krishna Sada Sahaayate(2025),,Not Available,,Not Available,Not Available,Not Available,"28 Years Later: The Bone Temple, 4K Fireplace, 7:11 PM, Aaryan, Akhanda 2: Thaandavam, Alyad Palyad",https://www.justwatch.com/in/movie/laalo-krishna-sada-sahaayate
movie,Sisu: Road to Revenge(2025),,Not Available,,Not Available,Not Available,Not Available,"Act of Valor, Aleksandr Okunev, Amazon Video, Apple TV, Apple TV Store, Avatar: Fire and Ash",https://www.justwatch.com/in/movie/sisu-2
movie,Before the Dawn(2019),,Not Available,,Not Available,Not Available,Not Available,"12 Steps to Recovery, 28 Years Later: The Bone Temple, Alana de Freitas, All Hallows' Eve 2, Amor Comprado, Anthony",https://www.justwatch.com/in/movie/before-the-dawn
tv_show,A Knight of the Seven Kingdoms(2026),,Not Available,,Not Available,Not Available,Not Available,"A Knight of the Seven Kingdoms, Ahsoka, All Her Fault, Apple TV, Avatar the Last Airbender - Season 3, Bait - Season 1",https://www.justwatch.com/in/tv-show/a-knight-of-the-seven-kingdoms-the-hedge-knight
tv_show,Jujutsu Kaisen(2020),,Not Available,,Not Available,Not Available,Not Available,"Ahsoka, All Her Fault, Amazon MX Player, Amazon Prime Video, Anime Times Amazon Channel, Apple TV",https://www.justwatch.com/in/tv-show/jujutsu-kaisen
tv_show,From(2022),,Not Available,,Not Available,Not Available,Not Available,"Aghori, Ahsoka, Alien: Earth, All Her Fault, Amazon Prime Video, Amazon Prime Video with Ads",https://www.justwatch.com/in/tv-show/from
tv_show,Erotic Stories(2023),,Not Available,,Not Available,Not Available,Not Available,"12 Steps to Recovery, Ahsoka, Alana Mansour, All Her Fault, Amazon Prime Video, Amber McMahon",https://www.justwatch.com/in/tv-show/erotic-stories
tv_show,Stranger Things(2016),,Not Available,,Not Available,Not Available,Not Available,"A Knight of the Seven Kingdoms, Ahsoka, Alien: Earth, All American, All Her Fault, Apple TV",https://www.justwatch.com/in/tv-show/stranger-things
tv_show,Kohrra(2023),,Not Available,,Not Available,Not Available,Not Available,"A Knight of the Seven Kingdoms, A-i-dol A-i, Aanand Priya, Ahsoka, Apple TV, Bachna Ae Haseeno",https://www.justwatch.com/in/tv-show/kohrra
tv_show,Game of Thrones(2011),,Not Available,,Not Available,Not Available,Not Available,"21 Jump Street, Ahsoka, All Her Fault, Apple TV, Avatar the Last Airbender - Season 3, Band of Brothers",https://www.justwatch.com/in/tv-show/game-of-thrones
tv_show,Taskaree: The Smuggler's Web(2026),,Not Available,,Not Available,Not Available,Not Available,"A Knight of the Seven Kingdoms, Ahsoka, All Her Fault, Amruta Khanvilkar, Anuja Sathe, Anurag Sinha",https://www.justwatch.com/in/tv-show/taskaree-the-smugglers-web
tv_show,Overflow(2020),,Not Available,,Not Available,Not Available,Not Available,"A Knight of the Seven Kingdoms, Abar Proloy, Ahsoka, All Her Fault, Amazon Prime Video, Anime Times Amazon Channel",https://www.justwatch.com/in/tv-show/overflow
tv_show,Spartacus: House of Ashur(2025),,Not Available,,Not Available,Not Available,Not Available,"A Knight of the Seven Kingdoms, Ahsoka, All Her Fault, Apple TV, Ash vs Evil Dead, Bait - Season 1",https://www.justwatch.com/in/tv-show/spartacus-house-of-ashur
tv_show,Bridgerton(2020),,Not Available,,Not Available,Not Available,Not Available,"56 Days, A Knight of the Seven Kingdoms, A-i-dol A-i, Abar Proloy, Adjoa Andoh, Agatha Christie's Seven Dials",https://www.justwatch.com/in/tv-show/bridgerton
tv_show,Pluribus(2025),,Not Available,,Not Available,Not Available,Not Available,"56 Days, After Yang, Agatha All Along, Ahsoka, Alien: Earth, All Her Fault",https://www.justwatch.com/in/tv-show/pluribus
tv_show,Monarch: Legacy of Monsters(2023),,Not Available,,Not Available,Not Available,Not Available,"12 Monkeys, A Knight of the Seven Kingdoms, Age of Tomorrow, Ahsoka, All Her Fault, Amazon Prime Video",https://www.justwatch.com/in/tv-show/monarch-legacy-of-monsters
tv_show,56 Days(2026),,Not Available,,Not Available,Not Available,Not Available,"56 Days, A Brilliant Disguise, A Friend of the Family, A Mother's Nightmare, Abar Proloy, Ahsoka",https://www.justwatch.com/in/tv-show/56-days
tv_show,MTV Splitsvilla(2008),,Not Available,,Not Available,Not Available,Not Available,"A Is for Apple, A Knight of the Seven Kingdoms, Ahsoka, Ainori Love Wagon: African Journey, All Her Fault, Amend: The Fight for America",https://www.justwatch.com/in/tv-show/mtv-splitsvilla
tv_show,The Night Manager(2016),,Not Available,,Not Available,Not Available,Not Available,"11.22.63, A Knight of the Seven Kingdoms, Agatha Christie's Seven Dials, Ahsoka, All Her Fault, Amazon Prime Video",https://www.justwatch.com/in/tv-show/the-night-manager
tv_show,The Rookie(2018),,Not Available,,Not Available,Not Available,Not Available,"9-1-1, A Knight of the Seven Kingdoms, Ahsoka, All Her Fault, Alyssa Diaz, Amazon Prime Video",https://www.justwatch.com/in/tv-show/the-rookie
tv_show,Gyaarah Gyaarah(2024),,Not Available,,Not Available,Not Available,Not Available,"A Knight of the Seven Kingdoms, Adhura, Ahsoka, All Her Fault, Apple TV, Bait - Season 1",https://www.justwatch.com/in/tv-show/gyaarah-gyaarah
tv_show,Fallout(2024),,Not Available,,Not Available,Not Available,Not Available,"3 Body Problem, A Knight of the Seven Kingdoms, Aaron Moten, Ahsoka, Air, All Her Fault",https://www.justwatch.com/in/tv-show/fallout
tv_show,The Family Man(2019),,Not Available,,Not Available,Not Available,Not Available,"24, A Knight of the Seven Kingdoms, Afsos, Ahsoka, All Her Fault, Amazon Prime Video",https://www.justwatch.com/in/tv-show/the-family-man
tv_show,The Night Agent(2023),,Not Available,,Not Available,Not Available,Not Available,"24 Mani Neram, A Knight of the Seven Kingdoms, A Perfect World, Ahsoka, Apple TV, Arienne Mandi",https://www.justwatch.com/in/tv-show/the-night-agent
tv_show,Bigg Boss(2006),,Not Available,,Not Available,Not Available,Not Available,"90 Day Journey, A Knight of the Seven Kingdoms, Adhura, Ahsoka, All Her Fault, Apple TV",https://www.justwatch.com/in/tv-show/bigg-boss
tv_show,The Pitt(2025),,Not Available,,Not Available,Not Available,Not Available,"9-1-1, A Knight of the Seven Kingdoms, Abbott Elementary, Ahsoka, All Her Fault, Amielynn Abellera",https://www.justwatch.com/in/tv-show/the-pitt
tv_show,Mastram(2020),,Not Available,,Not Available,Not Available,Not Available,"56 Days, Aadha Ishq, Aakash Dabhade, Abar Proloy, Abha Paul, Ahsoka",https://www.justwatch.com/in/tv-show/mastram
tv_show,Hijack(2023),,Not Available,,Not Available,Not Available,Not Available,"96 Souls, A Knight of the Seven Kingdoms, Abar Proloy, Ahsoka, Albrecht Schuch, All Her Fault",https://www.justwatch.com/in/tv-show/hijack
tv_show,Daldal(2026),,Not Available,,Not Available,Not Available,Not Available,"18 Again, 3 Roses, A Knight of the Seven Kingdoms, A-i-dol A-i, Accused, Aditya Rawal",https://www.justwatch.com/in/tv-show/daldal
tv_show,Shingeki no Kyojin(2013),,Not Available,,Not Available,Not Available,Not Available,"Aggretsuko, Ahsoka, All Her Fault, Amazon Prime Video, Anime Times Amazon Channel, Apple TV",https://www.justwatch.com/in/tv-show/attack-on-titan
tv_show,Mirzapur(2018),,Not Available,,Not Available,Not Available,Not Available,"A Knight of the Seven Kingdoms, Ahsoka, Ali Fazal, All Her Fault, Amazon Prime Video, Amazon Prime Video with Ads",https://www.justwatch.com/in/tv-show/mirzapur
tv_show,Breaking Bad(2008),,Not Available,,Not Available,Not Available,Not Available,"56 Days, A Knight of the Seven Kingdoms, Aaron Paul, Adolescence, Ahsoka, All Her Fault",https://www.justwatch.com/in/tv-show/breaking-bad
tv_show,The Lincoln Lawyer(2022),,Not Available,,Not Available,Not Available,Not Available,"9-1-1, A Knight of the Seven Kingdoms, A Man on the Inside, Ahsoka, American Crime Story, Angus Sampson",https://www.justwatch.com/in/tv-show/the-lincoln-lawyer
tv_show,Dark(2017),,Not Available,,Not Available,Not Available,Not Available,"1899, 2001: A Space Odyssey, A Knight of the Seven Kingdoms, Ahsoka, All Her Fault, All the Light We Cannot See",https://www.justwatch.com/in/tv-show/dark
tv_show,Unfamiliar(2026),,Not Available,,Not Available,Not Available,Not Available,"A Knight of the Seven Kingdoms, A Most Wanted Man, ATM, Ahsoka, Ajooni, All Her Fault",https://www.justwatch.com/in/tv-show/unfamiliar
tv_show,Panchayat(2020),,Not Available,,Not Available,Not Available,Not Available,"A Knight of the Seven Kingdoms, Aapka Apna Zakir, Ahsoka, All Her Fault, Amazon Prime Video, Amazon Prime Video with Ads",https://www.justwatch.com/in/tv-show/panchayat
tv_show,Farzi(2023),,Not Available,,Not Available,Not Available,Not Available,"A Knight of the Seven Kingdoms, Abar Proloy, Ahsoka, All Her Fault, Amazon Prime Video, Amazon Prime Video with Ads",https://www.justwatch.com/in/tv-show/farzi
tv_show,Laughter Chefs Unlimited Entertainment(2024),,Not Available,,Not Available,Not Available,Not Available,"56 Days, Aapka Apna Zakir, Ahsoka, Alay Mazhya Rashila, All Her Fault, Altered Carbon",https://www.justwatch.com/in/tv-show/laughter-chefs-unlimited-entertainment
tv_show,Our Universe(2026),,Not Available,,Not Available,Not Available,Not Available,"A Knight of the Seven Kingdoms, A-i-dol A-i, Ahsoka, All Her Fault, Apple TV, Bae In-hyuk",https://www.justwatch.com/in/tv-show/our-universe-2026
tv_show,Bloody Flower(2026),,Not Available,,Not Available,Not Available,Not Available,"10 Days of a Bad Man, 18 Again, A Knight of the Seven Kingdoms, A-i-dol A-i, Ahsoka, All Her Fault",https://www.justwatch.com/in/tv-show/bloody-flower
tv_show,Heated Rivalry(2025),,Not Available,,Not Available,Not Available,Not Available,"A Knight of the Seven Kingdoms, Ahsoka, All Her Fault, All's Fair, Amazon Prime Video, And Just Like That…",https://www.justwatch.com/in/tv-show/heated-rivalry
tv_show,Sex(2020),,Not Available,,Not Available,Not Available,Not Available,"21 Paraíso, A Knight of the Seven Kingdoms, Ahsoka, All Her Fault, American Taboo, Apple TV",https://www.justwatch.com/in/tv-show/sex
tv_show,Lost(2004),,Not Available,,Not Available,Not Available,Not Available,"A Knight of the Seven Kingdoms, Ahsoka, All Her Fault, Amazon Obhijaan, Apple TV, Apple TV Store",https://www.justwatch.com/in/tv-show/lost
tv_show,Kimetsu no Yaiba(2019),,Not Available,,Not Available,Not Available,Not Available,"2.5 Dimensional Seduction, 86 EIGHTY-SIX, A Knight of the Seven Kingdoms, Ace of the Diamond, Agents of Mystery, Ahsoka",https://www.justwatch.com/in/tv-show/demon-slayer-kimetsu-no-yaiba
tv_show,The Great Indian Kapil Show(2024),,Not Available,,Not Available,Not Available,Not Available,"A Knight of the Seven Kingdoms, A Little Help with Carol Burnett, A-i-dol A-i, Aap Ki Adalat, Aapka Apna Zakir, Abnormal Summit",https://www.justwatch.com/in/tv-show/untitled-kapil-sharma-netflix-project
tv_show,Naagin(2015),,Not Available,,Not Available,Not Available,Not Available,"30 Coins, A Knight of the Seven Kingdoms, Aamhi Doghi, Ahsoka, All Her Fault, Amandeep Sidhu",https://www.justwatch.com/in/tv-show/naagin
tv_show,She(2020),,Not Available,,Not Available,Not Available,Not Available,"A Knight of the Seven Kingdoms, Aaditi Pohankar, Aashram, Ahsoka, All Her Fault, Apple TV",https://www.justwatch.com/in/tv-show/she
tv_show,Wonder Man(2026),,Not Available,,Not Available,Not Available,Not Available,"A Knight of the Seven Kingdoms, Agatha Christie's Seven Dials, Ahsoka, All Her Fault, Apple TV, Arian Moayed",https://www.justwatch.com/in/tv-show/wonder-man-0
tv_show,Study Group(2025),,Not Available,,Not Available,Not Available,Not Available,"A Knight of the Seven Kingdoms, A-i-dol A-i, Ahsoka, All Her Fault, Apple TV, Avatar 5",https://www.justwatch.com/in/tv-show/study-group
tv_show,Engaged(2025),,Not Available,,Not Available,Not Available,Not Available,"90 Day: The Single Life, A Knight of the Seven Kingdoms, Ahsoka, All Her Fault, Apple TV, Aussie Shore",https://www.justwatch.com/in/tv-show/engaged
tv_show,HIS & HERS(2026),,Not Available,,Not Available,Not Available,Not Available,"A Knight of the Seven Kingdoms, Agatha Christie's Seven Dials, Ahsoka, All Her Fault, Apple TV, Bait - Season 1",https://www.justwatch.com/in/tv-show/his-and-hers
tv_show,IT: Welcome to Derry(2025),,Not Available,,Not Available,Not Available,Not Available,"12 Feet Deep, A Knight of the Seven Kingdoms, Ahsoka, Alien: Earth, All Her Fault, Amanda Christine",https://www.justwatch.com/in/tv-show/welcome-to-derry
tv_show,Wednesday(2022),,Not Available,,Not Available,Not Available,Not Available,"9-1-1, A Knight of the Seven Kingdoms, A Meowy Halloween, Abhalmaya, Aftermath, Ahsoka",https://www.justwatch.com/in/tv-show/wednesday
tv_show,True Detective(2014),,Not Available,,Not Available,Not Available,Not Available,"A Knight of the Seven Kingdoms, Adolescence, Agent Elvis, Ahsoka, All Her Fault, Andor",https://www.justwatch.com/in/tv-show/true-detective
tv_show,1923(2022),,Not Available,,Not Available,Not Available,Not Available,"1883, 1923, 1944, 6666, A Knight of the Seven Kingdoms, Ahsoka",https://www.justwatch.com/in/tv-show/1923
tv_show,Paradise(2025),,Not Available,,Not Available,Not Available,Not Available,"A Knight of the Seven Kingdoms, A Tale of Love, Ahsoka, Air Crash Investigation, Aliyah Mastin, All Her Fault",https://www.justwatch.com/in/tv-show/paradise-2025
tv_show,Golden Boy(2022),,Not Available,,Not Available,Not Available,Not Available,"A Knight of the Seven Kingdoms, A Woman Scorned, A-i-dol A-i, Afra Saraçoğlu, Ahsoka, All Her Fault",https://www.justwatch.com/in/tv-show/golden-boy
tv_show,Hell's Paradise(2023),,Not Available,,Not Available,Not Available,Not Available,"A Knight of the Seven Kingdoms, Ahsoka, All Her Fault, AnoHana: The Flower We Saw That Day, Aoi Ichikawa, Apple TV",https://www.justwatch.com/in/tv-show/hells-paradise
tv_show,Tehran(2020),,Not Available,,Not Available,Not Available,Not Available,"24, A Knight of the Seven Kingdoms, Ahsoka, All Her Fault, Apple TV, Apple TV Amazon Channel",https://www.justwatch.com/in/tv-show/tehran
tv_show,Animal Kingdom(2016),,Not Available,,Not Available,Not Available,Not Available,"1923, 21 Jump Street, A Knight of the Seven Kingdoms, Aamya Deva Keroles, Agents of Mystery, Ahsoka",https://www.justwatch.com/in/tv-show/animal-kingdom
tv_show,Spartacus(2010),,Not Available,,Not Available,Not Available,Not Available,"A Knight of the Seven Kingdoms, Ahsoka, All Her Fault, Amazon Prime Video, Apple TV, Bel-Air",https://www.justwatch.com/in/tv-show/spartacus
tv_show,Single's Inferno(2021),,Not Available,,Not Available,Not Available,Not Available,"12 Steps to Recovery, 90 Day Fiancé: Love in Paradise, 90 Day: The Last Resort, A Knight of the Seven Kingdoms, A-i-dol A-i, Ahsoka",https://www.justwatch.com/in/tv-show/singles-inferno
tv_show,레이디 두아(2026),,Not Available,,Not Available,Not Available,Not Available,"A Knight of the Seven Kingdoms, A Thousand Blows, A-i-dol A-i, Ahsoka, All Her Fault, Angel's Last Mission: Love",https://www.justwatch.com/in/tv-show/the-art-of-sarah
tv_show,Abar Proloy(2023),,Not Available,,Not Available,Not Available,Not Available,"24, 56 Days, Abar Proloy, Adhura, Adv. Achinta Aich, Ahsoka",https://www.justwatch.com/in/tv-show/abar-proloy
tv_show,Solo Leveling(2024),,Not Available,,Not Available,Not Available,Not Available,"A Knight of the Seven Kingdoms, A Star Brighter than the Sun, A Terrified Teacher at Ghoul School!, Ahsoka, Akio Otsuka, Akira Ishida",https://www.justwatch.com/in/tv-show/solo-leveling-2024
tv_show,Kaisi Yeh Yaariyan(2014),,Not Available,,Not Available,Not Available,Not Available,"A Knight of the Seven Kingdoms, Aadha Ishq, Abhishek Malik, Adaalat, Ahsoka, All Her Fault",https://www.justwatch.com/in/tv-show/kaisi-yeh-yaariaan
tv_show,La casa de papel(2017),,Not Available,,Not Available,Not Available,Not Available,"A Knight of the Seven Kingdoms, Ahsoka, Al Capone, Alba Flores, Alice in Borderland, Angel of Evil",https://www.justwatch.com/in/tv-show/paperhouse
tv_show,Euphoria(2019),,Not Available,,Not Available,Not Available,Not Available,"A Knight of the Seven Kingdoms, Ahsoka, Alexa Demie, Angus Cloud, Apple TV, Baby",https://www.justwatch.com/in/tv-show/euphoria
tv_show,Suits(2011),,Not Available,,Not Available,Not Available,Not Available,"12 Angry Men, A Few Good Men, A Knight of the Seven Kingdoms, Ahsoka, All Her Fault, Aloma Wright",https://www.justwatch.com/in/tv-show/suits
tv_show,House of the Dragon(2022),,Not Available,,Not Available,Not Available,Not Available,"A Knight of the Seven Kingdoms, Ahsoka, Air Crash Investigation, All Her Fault, Apple TV, Apple TV Store",https://www.justwatch.com/in/tv-show/house-of-the-dragon
tv_show,Bhay: The Gaurav Tiwari Mystery(2025),,Not Available,,Not Available,Not Available,Not Available,"A Good Marriage, A Knight of the Seven Kingdoms, Aaryan, Accused, Adhura, Ahsoka",https://www.justwatch.com/in/tv-show/bhay-the-gaurav-tiwari-mystery
tv_show,Sherlock(2010),,Not Available,,Not Available,Not Available,Not Available,"8MM, A Knight of the Seven Kingdoms, Agatha Christie's Marple, Ahsoka, All Her Fault, Amanda Abbington",https://www.justwatch.com/in/tv-show/sherlock
tv_show,Falling Skies(2011),,Not Available,,Not Available,Not Available,Not Available,"A Knight of the Seven Kingdoms, Ahsoka, Air Crash Investigation, All Her Fault, Apple TV, Avatar the Last Airbender - Season 3",https://www.justwatch.com/in/tv-show/falling-skies
tv_show,Industry(2020),,Not Available,,Not Available,Not Available,Not Available,"A Bigger Splash, A Knight of the Seven Kingdoms, Ahsoka, All Her Fault, Apple TV, Bait - Season 1",https://www.justwatch.com/in/tv-show/industry
tv_show,Scrubs(2001),,Not Available,,Not Available,Not Available,Not Available,"30 Rock, A Knight of the Seven Kingdoms, Ahsoka, All Her Fault, Aloma Wright, Am I Racist?",https://www.justwatch.com/in/tv-show/scrubs
tv_show,Charitraheen(2018),,Not Available,,Not Available,Not Available,Not Available,"777 Charlie, A Knight of the Seven Kingdoms, Abhishek Singh, Abraham Ozler, Aditya Banerjee, Ahsoka",https://www.justwatch.com/in/tv-show/charitraheen
tv_show,The Vampire Diaries(2009),,Not Available,,Not Available,Not Available,Not Available,"24, A Knight of the Seven Kingdoms, Ahsoka, Airwolf, Alert: Missing Persons Unit, All Her Fault",https://www.justwatch.com/in/tv-show/the-vampire-diaries
tv_show,The Boys(2019),,Not Available,,Not Available,Not Available,Not Available,"3 Body Problem, A Knight of the Seven Kingdoms, Ahsoka, Alice in Borderland, All Her Fault, Amazon Prime Video",https://www.justwatch.com/in/tv-show/the-boys
tv_show,Naruto Shippūden(2007),,Not Available,,Not Available,Not Available,Not Available,"A Knight of the Seven Kingdoms, Abbott Elementary, Acro Trip, After the Rain, Ahsoka, Akira Ishida",https://www.justwatch.com/in/tv-show/naruto-shippuden
tv_show,The Daily Life of the Immortal King(2020),,Not Available,,Not Available,Not Available,Not Available,"A Knight of the Seven Kingdoms, A Wild Last Boss Appeared!, Ahsoka, All Her Fault, Alpha Males, Anyway, I'm Falling in Love with You.",https://www.justwatch.com/in/tv-show/the-daily-life-of-the-immortal-king
tv_show,Rasbhari(2020),,Not Available,,Not Available,Not Available,Not Available,"A Knight of the Seven Kingdoms, Ahsoka, All Her Fault, Amazon Prime Video, Amazon Prime Video with Ads, Apple TV",https://www.justwatch.com/in/tv-show/rasbhari
tv_show,Steal(2026),,Not Available,,Not Available,Not Available,Not Available,"56 Days, A Gentleman in Moscow, Agatha Christie's Seven Dials, Ahsoka, Air Crash Investigation, All Her Fault",https://www.justwatch.com/in/tv-show/steal
tv_show,Peaky Blinders(2013),,Not Available,,Not Available,Not Available,Not Available,"A Knight of the Seven Kingdoms, Ahsoka, All Her Fault, American History X, Apple TV, Bait - Season 1",https://www.justwatch.com/in/tv-show/peaky-blinders
tv_show,Cross(2024),,Not Available,,Not Available,Not Available,Not Available,"1 Versus 100, 30 March, A Knight of the Seven Kingdoms, Absolution, Ahsoka, Aldis Hodge",https://www.justwatch.com/in/tv-show/cross
tv_show,Spring Fever(2026),,Not Available,,Not Available,Not Available,Not Available,"21 Jump Street, A Daughter Just Like You, A Knight of the Seven Kingdoms, A-i-dol A-i, Ahn Bo-hyun, Ahsoka",https://www.justwatch.com/in/tv-show/spring-fever
tv_show,SPY x FAMILY(2022),,Not Available,,Not Available,Not Available,Not Available,"91 Days, A Knight of the Seven Kingdoms, Ahsoka, All Her Fault, Amagi Brilliant Park, Amazon MX Player",https://www.justwatch.com/in/tv-show/spy-x-family
tv_show,Bindiya Ke Bahubali(2025),,Not Available,,Not Available,Not Available,Not Available,"A Knight of the Seven Kingdoms, Aavesham, Ahsoka, All Her Fault, Amazon MX Player, Anandibaa Aur Emily",https://www.justwatch.com/in/tv-show/bindiya-ke-bahubali
tv_show,The 100(2014),,Not Available,,Not Available,Not Available,Not Available,"13 Reasons Why, 21 Jump Street, A Knight of the Seven Kingdoms, Ahsoka, Alert: Missing Persons Unit, All Her Fault",https://www.justwatch.com/in/tv-show/the-100
tv_show,The Day of the Jackal(2024),,Not Available,,Not Available,Not Available,Not Available,"1883, 1923, A Knight of the Seven Kingdoms, Aditya 369, Adoney Díaz Barajas, Ahsoka",https://www.justwatch.com/in/tv-show/the-day-of-the-jackal
tv_show,Teen Wolf(2011),,Not Available,,Not Available,Not Available,Not Available,"9-1-1, 90210, A Discovery of Witches, A Knight of the Seven Kingdoms, Ahsoka, All Her Fault",https://www.justwatch.com/in/tv-show/teen-wolf
tv_show,Reacher(2022),,Not Available,,Not Available,Not Available,Not Available,"A Knight of the Seven Kingdoms, Ahsoka, Alan Ritchson, All Her Fault, Amazon Prime Video, Amazon Prime Video with Ads",https://www.justwatch.com/in/tv-show/jack-reacher
tv_show,High Potential(2024),,Not Available,,Not Available,Not Available,Not Available,"9-1-1, A Knight of the Seven Kingdoms, Abbott Elementary, Agent Elvis, Ahsoka, All Her Fault",https://www.justwatch.com/in/tv-show/high-potential
tv_show,Seher Hone Ko Hai(2025),,Not Available,,Not Available,Not Available,Not Available,"7 Star Dinosor Entertainment, A Knight of the Seven Kingdoms, AJ and the Queen, Aadha Ishq, Ahsoka, All Her Fault",https://www.justwatch.com/in/tv-show/seher-hone-ko-hai
tv_show,Devkhel(2026),,Not Available,,Not Available,Not Available,Not Available,"A Knight of the Seven Kingdoms, Adhura, Ahsoka, All Her Fault, Ambarish Deshpande, Angad Mhaskar",https://www.justwatch.com/in/tv-show/devkhel
tv_show,Shrinking(2023),,Not Available,,Not Available,Not Available,Not Available,"A Knight of the Seven Kingdoms, Abbott Elementary, Ahsoka, All Her Fault, American Housewife, Apple TV",https://www.justwatch.com/in/tv-show/shrinking
tv_show,Death Note(2006),,Not Available,,Not Available,Not Available,Not Available,"A Knight of the Seven Kingdoms, Ahsoka, Ai-Mai-Mi, Akagi, All Her Fault, Amazon Prime Video",https://www.justwatch.com/in/tv-show/death-note
tv_show,Naruto(2002),,Not Available,,Not Available,Not Available,Not Available,"A Knight of the Seven Kingdoms, After the Rain, Aharen-san wa Hakarenai, Ahsoka, All Her Fault, Amazon Prime Video",https://www.justwatch.com/in/tv-show/naruto
tv_show,Black Clover(2017),,Not Available,,Not Available,Not Available,Not Available,"A Knight of the Seven Kingdoms, Ahsoka, Alice in Borderland, All Her Fault, American Horror Story, Animax Amazon Channel",https://www.justwatch.com/in/tv-show/black-clover
tv_show,Tang gong qi an zhi Qing wu feng ming(2026),,Not Available,,Not Available,Not Available,Not Available,"A Knight of the Seven Kingdoms, A-i-dol A-i, Ahsoka, All Her Fault, Annabel Yao, Apple TV",https://www.justwatch.com/in/tv-show/tang-gong-qi-an-zhi-qing-wu-feng-ming
tv_show,Under the Dome(2013),,Not Available,,Not Available,Not Available,Not Available,"12 Monkeys, A Knight of the Seven Kingdoms, Ahsoka, Air Crash Investigation, Alexander Koch, All Her Fault",https://www.justwatch.com/in/tv-show/under-the-dome
tv_show,My Hero Academia(2016),,Not Available,,Not Available,Not Available,Not Available,"A Knight of the Seven Kingdoms, Ahsoka, Akudama Drive, All Her Fault, Amazon MX Player, Amazon Prime Video",https://www.justwatch.com/in/tv-show/my-hero-academia
tv_show,Vikings(2013),,Not Available,,Not Available,Not Available,Not Available,"A Knight of the Seven Kingdoms, Ahsoka, Alex Høgh Andersen, Alexander Ludwig, All Her Fault, Apple TV",https://www.justwatch.com/in/tv-show/vikings
tv_show,Black Mirror(2011),,Not Available,,Not Available,Not Available,Not Available,"2050, 41, A Knight of the Seven Kingdoms, Ahsoka, Alien: Earth, All Her Fault",https://www.justwatch.com/in/tv-show/black-mirror
